--------------------------------------------------------
-- Archivo creado  - lunes-noviembre-17-2025   
--------------------------------------------------------
--------------------------------------------------------
--  DDL for Sequence SEQ_MECANICO
--------------------------------------------------------

   CREATE SEQUENCE  "TALLER"."SEQ_MECANICO"  MINVALUE 1 MAXVALUE 9999999999999999999999999999 INCREMENT BY 1 START WITH 1 CACHE 20 NOORDER  NOCYCLE  NOKEEP  NOSCALE  GLOBAL ;
--------------------------------------------------------
--  DDL for Table CLIENTE
--------------------------------------------------------

  CREATE TABLE "TALLER"."CLIENTE" 
   (	"ID_CLIENTE" NUMBER GENERATED ALWAYS AS IDENTITY MINVALUE 1 MAXVALUE 9999999999999999999999999999 INCREMENT BY 1 START WITH 1 CACHE 20 NOORDER  NOCYCLE  NOKEEP  NOSCALE , 
	"NOMBRE" VARCHAR2(100 BYTE), 
	"APELLIDO" VARCHAR2(100 BYTE), 
	"DIRECCION" VARCHAR2(200 BYTE), 
	"TELEFONO" VARCHAR2(20 BYTE), 
	"EMAIL" VARCHAR2(100 BYTE)
   ) SEGMENT CREATION IMMEDIATE 
  PCTFREE 10 PCTUSED 40 INITRANS 1 MAXTRANS 255 
 NOCOMPRESS LOGGING
  STORAGE(INITIAL 65536 NEXT 1048576 MINEXTENTS 1 MAXEXTENTS 2147483645
  PCTINCREASE 0 FREELISTS 1 FREELIST GROUPS 1
  BUFFER_POOL DEFAULT FLASH_CACHE DEFAULT CELL_FLASH_CACHE DEFAULT)
  TABLESPACE "USERS" ;
--------------------------------------------------------
--  DDL for Table DETALLE_FACTURA_REPUESTO
--------------------------------------------------------

  CREATE TABLE "TALLER"."DETALLE_FACTURA_REPUESTO" 
   (	"ID_FACTURA" NUMBER, 
	"ID_REPUESTO" NUMBER, 
	"CANTIDAD" NUMBER(6,2), 
	"PRECIO_UNITARIO" NUMBER(12,2), 
	"IMPUESTO_APLICADO" NUMBER(5,2), 
	"TOTAL_LINEA" NUMBER(12,2)
   ) SEGMENT CREATION DEFERRED 
  PCTFREE 10 PCTUSED 40 INITRANS 1 MAXTRANS 255 
 NOCOMPRESS LOGGING
  TABLESPACE "USERS" ;
--------------------------------------------------------
--  DDL for Table DETALLE_FACTURA_SERVICIO
--------------------------------------------------------

  CREATE TABLE "TALLER"."DETALLE_FACTURA_SERVICIO" 
   (	"ID_FACTURA" NUMBER, 
	"ID_ORDEN_SERVICIO" NUMBER, 
	"PRECIO_UNITARIO" NUMBER(12,2), 
	"IMPUESTO_APLICADO" NUMBER(5,2), 
	"TOTAL_LINEA" NUMBER(12,2)
   ) SEGMENT CREATION DEFERRED 
  PCTFREE 10 PCTUSED 40 INITRANS 1 MAXTRANS 255 
 NOCOMPRESS LOGGING
  TABLESPACE "USERS" ;
--------------------------------------------------------
--  DDL for Table ESPECIALIDAD
--------------------------------------------------------

  CREATE TABLE "TALLER"."ESPECIALIDAD" 
   (	"ID_ESPECIALIDAD" NUMBER GENERATED ALWAYS AS IDENTITY MINVALUE 1 MAXVALUE 9999999999999999999999999999 INCREMENT BY 1 START WITH 1 CACHE 20 NOORDER  NOCYCLE  NOKEEP  NOSCALE , 
	"NOMBRE" VARCHAR2(100 BYTE)
   ) SEGMENT CREATION IMMEDIATE 
  PCTFREE 10 PCTUSED 40 INITRANS 1 MAXTRANS 255 
 NOCOMPRESS LOGGING
  STORAGE(INITIAL 65536 NEXT 1048576 MINEXTENTS 1 MAXEXTENTS 2147483645
  PCTINCREASE 0 FREELISTS 1 FREELIST GROUPS 1
  BUFFER_POOL DEFAULT FLASH_CACHE DEFAULT CELL_FLASH_CACHE DEFAULT)
  TABLESPACE "USERS" ;
--------------------------------------------------------
--  DDL for Table ESTADO_ORDEN
--------------------------------------------------------

  CREATE TABLE "TALLER"."ESTADO_ORDEN" 
   (	"ID_ESTADO_ORDEN" NUMBER GENERATED ALWAYS AS IDENTITY MINVALUE 1 MAXVALUE 9999999999999999999999999999 INCREMENT BY 1 START WITH 1 CACHE 20 NOORDER  NOCYCLE  NOKEEP  NOSCALE , 
	"NOMBRE_ESTADO" VARCHAR2(50 BYTE)
   ) SEGMENT CREATION IMMEDIATE 
  PCTFREE 10 PCTUSED 40 INITRANS 1 MAXTRANS 255 
 NOCOMPRESS LOGGING
  STORAGE(INITIAL 65536 NEXT 1048576 MINEXTENTS 1 MAXEXTENTS 2147483645
  PCTINCREASE 0 FREELISTS 1 FREELIST GROUPS 1
  BUFFER_POOL DEFAULT FLASH_CACHE DEFAULT CELL_FLASH_CACHE DEFAULT)
  TABLESPACE "USERS" ;
--------------------------------------------------------
--  DDL for Table ESTADO_PAGO_FACTURA
--------------------------------------------------------

  CREATE TABLE "TALLER"."ESTADO_PAGO_FACTURA" 
   (	"ID_ESTADO_PAGO" NUMBER GENERATED ALWAYS AS IDENTITY MINVALUE 1 MAXVALUE 9999999999999999999999999999 INCREMENT BY 1 START WITH 1 CACHE 20 NOORDER  NOCYCLE  NOKEEP  NOSCALE , 
	"NOMBRE_ESTADO" VARCHAR2(50 BYTE)
   ) SEGMENT CREATION IMMEDIATE 
  PCTFREE 10 PCTUSED 40 INITRANS 1 MAXTRANS 255 
 NOCOMPRESS LOGGING
  STORAGE(INITIAL 65536 NEXT 1048576 MINEXTENTS 1 MAXEXTENTS 2147483645
  PCTINCREASE 0 FREELISTS 1 FREELIST GROUPS 1
  BUFFER_POOL DEFAULT FLASH_CACHE DEFAULT CELL_FLASH_CACHE DEFAULT)
  TABLESPACE "USERS" ;
--------------------------------------------------------
--  DDL for Table FACTURA
--------------------------------------------------------

  CREATE TABLE "TALLER"."FACTURA" 
   (	"ID_FACTURA" NUMBER GENERATED ALWAYS AS IDENTITY MINVALUE 1 MAXVALUE 9999999999999999999999999999 INCREMENT BY 1 START WITH 1 CACHE 20 NOORDER  NOCYCLE  NOKEEP  NOSCALE , 
	"ID_ORDEN_TRABAJO" NUMBER, 
	"FECHA_EMISION" DATE DEFAULT SYSDATE, 
	"ID_ESTADO_PAGO" NUMBER, 
	"SUBTOTAL_SERVICIOS" NUMBER(12,2), 
	"SUBTOTAL_REPUESTOS" NUMBER(12,2), 
	"IMPUESTOS_TOTAL" NUMBER(12,2), 
	"DESCUENTO_TOTAL" NUMBER(12,2), 
	"TOTAL" NUMBER(12,2)
   ) SEGMENT CREATION IMMEDIATE 
  PCTFREE 10 PCTUSED 40 INITRANS 1 MAXTRANS 255 
 NOCOMPRESS LOGGING
  STORAGE(INITIAL 65536 NEXT 1048576 MINEXTENTS 1 MAXEXTENTS 2147483645
  PCTINCREASE 0 FREELISTS 1 FREELIST GROUPS 1
  BUFFER_POOL DEFAULT FLASH_CACHE DEFAULT CELL_FLASH_CACHE DEFAULT)
  TABLESPACE "USERS" ;
--------------------------------------------------------
--  DDL for Table IMPUESTO
--------------------------------------------------------

  CREATE TABLE "TALLER"."IMPUESTO" 
   (	"ID_IMPUESTO" NUMBER GENERATED ALWAYS AS IDENTITY MINVALUE 1 MAXVALUE 9999999999999999999999999999 INCREMENT BY 1 START WITH 1 CACHE 20 NOORDER  NOCYCLE  NOKEEP  NOSCALE , 
	"NOMBRE" VARCHAR2(50 BYTE), 
	"PORCENTAJE" NUMBER(5,2), 
	"ACTIVO" CHAR(1 BYTE) DEFAULT 'S'
   ) SEGMENT CREATION IMMEDIATE 
  PCTFREE 10 PCTUSED 40 INITRANS 1 MAXTRANS 255 
 NOCOMPRESS LOGGING
  STORAGE(INITIAL 65536 NEXT 1048576 MINEXTENTS 1 MAXEXTENTS 2147483645
  PCTINCREASE 0 FREELISTS 1 FREELIST GROUPS 1
  BUFFER_POOL DEFAULT FLASH_CACHE DEFAULT CELL_FLASH_CACHE DEFAULT)
  TABLESPACE "USERS" ;
--------------------------------------------------------
--  DDL for Table MECANICO
--------------------------------------------------------

  CREATE TABLE "TALLER"."MECANICO" 
   (	"ID_MECANICO" NUMBER GENERATED ALWAYS AS IDENTITY MINVALUE 1 MAXVALUE 9999999999999999999999999999 INCREMENT BY 1 START WITH 1 CACHE 20 NOORDER  NOCYCLE  NOKEEP  NOSCALE , 
	"NOMBRE" VARCHAR2(100 BYTE), 
	"APELLIDO" VARCHAR2(100 BYTE), 
	"TELEFONO" VARCHAR2(20 BYTE), 
	"EXPERIENCIA_ANIOS" NUMBER(2,0)
   ) SEGMENT CREATION IMMEDIATE 
  PCTFREE 10 PCTUSED 40 INITRANS 1 MAXTRANS 255 
 NOCOMPRESS LOGGING
  STORAGE(INITIAL 65536 NEXT 1048576 MINEXTENTS 1 MAXEXTENTS 2147483645
  PCTINCREASE 0 FREELISTS 1 FREELIST GROUPS 1
  BUFFER_POOL DEFAULT FLASH_CACHE DEFAULT CELL_FLASH_CACHE DEFAULT)
  TABLESPACE "USERS" ;
--------------------------------------------------------
--  DDL for Table MECANICO_ESPECIALIDAD
--------------------------------------------------------

  CREATE TABLE "TALLER"."MECANICO_ESPECIALIDAD" 
   (	"ID_MECANICO" NUMBER, 
	"ID_ESPECIALIDAD" NUMBER
   ) SEGMENT CREATION DEFERRED 
  PCTFREE 10 PCTUSED 40 INITRANS 1 MAXTRANS 255 
 NOCOMPRESS LOGGING
  TABLESPACE "USERS" ;
--------------------------------------------------------
--  DDL for Table MOVIMIENTO_INVENTARIO
--------------------------------------------------------

  CREATE TABLE "TALLER"."MOVIMIENTO_INVENTARIO" 
   (	"ID_MOVIMIENTO" NUMBER GENERATED ALWAYS AS IDENTITY MINVALUE 1 MAXVALUE 9999999999999999999999999999 INCREMENT BY 1 START WITH 1 CACHE 20 NOORDER  NOCYCLE  NOKEEP  NOSCALE , 
	"ID_REPUESTO" NUMBER, 
	"TIPO_MOVIMIENTO" VARCHAR2(20 BYTE), 
	"CANTIDAD" NUMBER(6,2), 
	"FECHA_MOVIMIENTO" DATE DEFAULT SYSDATE, 
	"REFERENCIA" VARCHAR2(100 BYTE), 
	"OBSERVACIONES" VARCHAR2(500 BYTE)
   ) SEGMENT CREATION DEFERRED 
  PCTFREE 10 PCTUSED 40 INITRANS 1 MAXTRANS 255 
 NOCOMPRESS LOGGING
  TABLESPACE "USERS" ;
--------------------------------------------------------
--  DDL for Table ORDEN_REPUESTO
--------------------------------------------------------

  CREATE TABLE "TALLER"."ORDEN_REPUESTO" 
   (	"ID_ORDEN_TRABAJO" NUMBER, 
	"ID_REPUESTO" NUMBER, 
	"CANTIDAD_USADA" NUMBER(6,2)
   ) SEGMENT CREATION DEFERRED 
  PCTFREE 10 PCTUSED 40 INITRANS 1 MAXTRANS 255 
 NOCOMPRESS LOGGING
  TABLESPACE "USERS" ;
--------------------------------------------------------
--  DDL for Table ORDEN_SERVICIO
--------------------------------------------------------

  CREATE TABLE "TALLER"."ORDEN_SERVICIO" 
   (	"ID_ORDEN_SERVICIO" NUMBER GENERATED ALWAYS AS IDENTITY MINVALUE 1 MAXVALUE 9999999999999999999999999999 INCREMENT BY 1 START WITH 1 CACHE 20 NOORDER  NOCYCLE  NOKEEP  NOSCALE , 
	"ID_ORDEN_TRABAJO" NUMBER, 
	"ID_SERVICIO" NUMBER, 
	"ESTADO" VARCHAR2(50 BYTE), 
	"PRECIO_FINAL" NUMBER(12,2)
   ) SEGMENT CREATION IMMEDIATE 
  PCTFREE 10 PCTUSED 40 INITRANS 1 MAXTRANS 255 
 NOCOMPRESS LOGGING
  STORAGE(INITIAL 65536 NEXT 1048576 MINEXTENTS 1 MAXEXTENTS 2147483645
  PCTINCREASE 0 FREELISTS 1 FREELIST GROUPS 1
  BUFFER_POOL DEFAULT FLASH_CACHE DEFAULT CELL_FLASH_CACHE DEFAULT)
  TABLESPACE "USERS" ;
--------------------------------------------------------
--  DDL for Table ORDEN_SERVICIO_MECANICO
--------------------------------------------------------

  CREATE TABLE "TALLER"."ORDEN_SERVICIO_MECANICO" 
   (	"ID_ORDEN_SERVICIO" NUMBER, 
	"ID_MECANICO" NUMBER, 
	"ID_ESPECIALIDAD" NUMBER, 
	"ROL_EN_SERVICIO" VARCHAR2(50 BYTE)
   ) SEGMENT CREATION IMMEDIATE 
  PCTFREE 10 PCTUSED 40 INITRANS 1 MAXTRANS 255 
 NOCOMPRESS LOGGING
  STORAGE(INITIAL 65536 NEXT 1048576 MINEXTENTS 1 MAXEXTENTS 2147483645
  PCTINCREASE 0 FREELISTS 1 FREELIST GROUPS 1
  BUFFER_POOL DEFAULT FLASH_CACHE DEFAULT CELL_FLASH_CACHE DEFAULT)
  TABLESPACE "USERS" ;
--------------------------------------------------------
--  DDL for Table ORDEN_TRABAJO
--------------------------------------------------------

  CREATE TABLE "TALLER"."ORDEN_TRABAJO" 
   (	"ID_ORDEN_TRABAJO" NUMBER GENERATED ALWAYS AS IDENTITY MINVALUE 1 MAXVALUE 9999999999999999999999999999 INCREMENT BY 1 START WITH 1 CACHE 20 NOORDER  NOCYCLE  NOKEEP  NOSCALE , 
	"ID_VEHICULO" NUMBER, 
	"FECHA_INGRESO" DATE, 
	"FECHA_SALIDA" DATE, 
	"DIAGNOSTICO_INICIAL" VARCHAR2(500 BYTE), 
	"ID_ESTADO_ORDEN" NUMBER
   ) SEGMENT CREATION IMMEDIATE 
  PCTFREE 10 PCTUSED 40 INITRANS 1 MAXTRANS 255 
 NOCOMPRESS LOGGING
  STORAGE(INITIAL 65536 NEXT 1048576 MINEXTENTS 1 MAXEXTENTS 2147483645
  PCTINCREASE 0 FREELISTS 1 FREELIST GROUPS 1
  BUFFER_POOL DEFAULT FLASH_CACHE DEFAULT CELL_FLASH_CACHE DEFAULT)
  TABLESPACE "USERS" ;
--------------------------------------------------------
--  DDL for Table PROVEEDOR
--------------------------------------------------------

  CREATE TABLE "TALLER"."PROVEEDOR" 
   (	"ID_PROVEEDOR" NUMBER GENERATED ALWAYS AS IDENTITY MINVALUE 1 MAXVALUE 9999999999999999999999999999 INCREMENT BY 1 START WITH 1 CACHE 20 NOORDER  NOCYCLE  NOKEEP  NOSCALE , 
	"NOMBRE" VARCHAR2(100 BYTE), 
	"TELEFONO" VARCHAR2(20 BYTE), 
	"DIRECCION" VARCHAR2(200 BYTE), 
	"EMAIL" VARCHAR2(100 BYTE)
   ) SEGMENT CREATION DEFERRED 
  PCTFREE 10 PCTUSED 40 INITRANS 1 MAXTRANS 255 
 NOCOMPRESS LOGGING
  TABLESPACE "USERS" ;
--------------------------------------------------------
--  DDL for Table REPUESTO
--------------------------------------------------------

  CREATE TABLE "TALLER"."REPUESTO" 
   (	"ID_REPUESTO" NUMBER GENERATED ALWAYS AS IDENTITY MINVALUE 1 MAXVALUE 9999999999999999999999999999 INCREMENT BY 1 START WITH 1 CACHE 20 NOORDER  NOCYCLE  NOKEEP  NOSCALE , 
	"NOMBRE" VARCHAR2(100 BYTE), 
	"DESCRIPCION" VARCHAR2(500 BYTE), 
	"STOCK_ACTUAL" NUMBER(6,2) DEFAULT 0, 
	"UNIDAD_MEDIDA" VARCHAR2(20 BYTE)
   ) SEGMENT CREATION IMMEDIATE 
  PCTFREE 10 PCTUSED 40 INITRANS 1 MAXTRANS 255 
 NOCOMPRESS LOGGING
  STORAGE(INITIAL 65536 NEXT 1048576 MINEXTENTS 1 MAXEXTENTS 2147483645
  PCTINCREASE 0 FREELISTS 1 FREELIST GROUPS 1
  BUFFER_POOL DEFAULT FLASH_CACHE DEFAULT CELL_FLASH_CACHE DEFAULT)
  TABLESPACE "USERS" ;
--------------------------------------------------------
--  DDL for Table REPUESTO_PROVEEDOR
--------------------------------------------------------

  CREATE TABLE "TALLER"."REPUESTO_PROVEEDOR" 
   (	"ID_REPUESTO" NUMBER, 
	"ID_PROVEEDOR" NUMBER, 
	"PRECIO_UNITARIO" NUMBER(12,2)
   ) SEGMENT CREATION DEFERRED 
  PCTFREE 10 PCTUSED 40 INITRANS 1 MAXTRANS 255 
 NOCOMPRESS LOGGING
  TABLESPACE "USERS" ;
--------------------------------------------------------
--  DDL for Table SERVICIO
--------------------------------------------------------

  CREATE TABLE "TALLER"."SERVICIO" 
   (	"ID_SERVICIO" NUMBER GENERATED ALWAYS AS IDENTITY MINVALUE 1 MAXVALUE 9999999999999999999999999999 INCREMENT BY 1 START WITH 1 CACHE 20 NOORDER  NOCYCLE  NOKEEP  NOSCALE , 
	"NOMBRE" VARCHAR2(100 BYTE), 
	"DESCRIPCION" VARCHAR2(500 BYTE), 
	"PRECIO_BASE" NUMBER(12,2)
   ) SEGMENT CREATION IMMEDIATE 
  PCTFREE 10 PCTUSED 40 INITRANS 1 MAXTRANS 255 
 NOCOMPRESS LOGGING
  STORAGE(INITIAL 65536 NEXT 1048576 MINEXTENTS 1 MAXEXTENTS 2147483645
  PCTINCREASE 0 FREELISTS 1 FREELIST GROUPS 1
  BUFFER_POOL DEFAULT FLASH_CACHE DEFAULT CELL_FLASH_CACHE DEFAULT)
  TABLESPACE "USERS" ;
--------------------------------------------------------
--  DDL for Table SUPERVISION
--------------------------------------------------------

  CREATE TABLE "TALLER"."SUPERVISION" 
   (	"ID_ORDEN_SERVICIO" NUMBER, 
	"ID_MECANICO_SUPERVISOR" NUMBER, 
	"ID_MECANICO_SUPERVISADO" NUMBER, 
	"ID_ESPECIALIDAD" NUMBER, 
	"OBSERVACIONES" VARCHAR2(500 BYTE)
   ) SEGMENT CREATION DEFERRED 
  PCTFREE 10 PCTUSED 40 INITRANS 1 MAXTRANS 255 
 NOCOMPRESS LOGGING
  TABLESPACE "USERS" ;
--------------------------------------------------------
--  DDL for Table USUARIOS
--------------------------------------------------------

  CREATE TABLE "TALLER"."USUARIOS" 
   (	"ID_USUARIO" NUMBER GENERATED ALWAYS AS IDENTITY MINVALUE 1 MAXVALUE 9999999999999999999999999999 INCREMENT BY 1 START WITH 1 CACHE 20 NOORDER  NOCYCLE  NOKEEP  NOSCALE , 
	"USERNAME" VARCHAR2(50 BYTE), 
	"PASSWORD" VARCHAR2(200 BYTE), 
	"CORREO" VARCHAR2(100 BYTE), 
	"ROL" VARCHAR2(20 BYTE) DEFAULT 'ADMIN'
   ) SEGMENT CREATION IMMEDIATE 
  PCTFREE 10 PCTUSED 40 INITRANS 1 MAXTRANS 255 
 NOCOMPRESS LOGGING
  STORAGE(INITIAL 65536 NEXT 1048576 MINEXTENTS 1 MAXEXTENTS 2147483645
  PCTINCREASE 0 FREELISTS 1 FREELIST GROUPS 1
  BUFFER_POOL DEFAULT FLASH_CACHE DEFAULT CELL_FLASH_CACHE DEFAULT)
  TABLESPACE "USERS" ;
--------------------------------------------------------
--  DDL for Table VEHICULO
--------------------------------------------------------

  CREATE TABLE "TALLER"."VEHICULO" 
   (	"ID_VEHICULO" NUMBER GENERATED ALWAYS AS IDENTITY MINVALUE 1 MAXVALUE 9999999999999999999999999999 INCREMENT BY 1 START WITH 1 CACHE 20 NOORDER  NOCYCLE  NOKEEP  NOSCALE , 
	"ID_CLIENTE" NUMBER, 
	"PLACA" VARCHAR2(20 BYTE), 
	"MARCA" VARCHAR2(50 BYTE), 
	"MODELO" VARCHAR2(50 BYTE), 
	"ANIO" NUMBER(4,0), 
	"COLOR" VARCHAR2(50 BYTE)
   ) SEGMENT CREATION IMMEDIATE 
  PCTFREE 10 PCTUSED 40 INITRANS 1 MAXTRANS 255 
 NOCOMPRESS LOGGING
  STORAGE(INITIAL 65536 NEXT 1048576 MINEXTENTS 1 MAXEXTENTS 2147483645
  PCTINCREASE 0 FREELISTS 1 FREELIST GROUPS 1
  BUFFER_POOL DEFAULT FLASH_CACHE DEFAULT CELL_FLASH_CACHE DEFAULT)
  TABLESPACE "USERS" ;
REM INSERTING into TALLER.CLIENTE
SET DEFINE OFF;
Insert into TALLER.CLIENTE (ID_CLIENTE,NOMBRE,APELLIDO,DIRECCION,TELEFONO,EMAIL) values ('5','Daniela ','Muñoz','Enrrique Segovienao','3215815873','daniela@gmail.com');
Insert into TALLER.CLIENTE (ID_CLIENTE,NOMBRE,APELLIDO,DIRECCION,TELEFONO,EMAIL) values ('21','Daniela ','Perez','Enrrique Segovienao 1','3215815873','jairo.arroyo@celuweb.com');
REM INSERTING into TALLER.DETALLE_FACTURA_REPUESTO
SET DEFINE OFF;
REM INSERTING into TALLER.DETALLE_FACTURA_SERVICIO
SET DEFINE OFF;
REM INSERTING into TALLER.ESPECIALIDAD
SET DEFINE OFF;
Insert into TALLER.ESPECIALIDAD (ID_ESPECIALIDAD,NOMBRE) values ('1','Mec nica General');
Insert into TALLER.ESPECIALIDAD (ID_ESPECIALIDAD,NOMBRE) values ('2','Electricidad Automotriz');
Insert into TALLER.ESPECIALIDAD (ID_ESPECIALIDAD,NOMBRE) values ('3','Frenos y Suspensi¢n');
Insert into TALLER.ESPECIALIDAD (ID_ESPECIALIDAD,NOMBRE) values ('4','Motor y Transmisi¢n');
Insert into TALLER.ESPECIALIDAD (ID_ESPECIALIDAD,NOMBRE) values ('5','Aire Acondicionado');
Insert into TALLER.ESPECIALIDAD (ID_ESPECIALIDAD,NOMBRE) values ('6','Inyecci¢n Electr¢nica');
Insert into TALLER.ESPECIALIDAD (ID_ESPECIALIDAD,NOMBRE) values ('7','Carrocer¡a y Pintura');
Insert into TALLER.ESPECIALIDAD (ID_ESPECIALIDAD,NOMBRE) values ('8','Alineaci¢n y Balanceo');
Insert into TALLER.ESPECIALIDAD (ID_ESPECIALIDAD,NOMBRE) values ('9','Sistema de Escape');
Insert into TALLER.ESPECIALIDAD (ID_ESPECIALIDAD,NOMBRE) values ('10','Diagn¢stico Electr¢nico');
REM INSERTING into TALLER.ESTADO_ORDEN
SET DEFINE OFF;
Insert into TALLER.ESTADO_ORDEN (ID_ESTADO_ORDEN,NOMBRE_ESTADO) values ('1','Registrada');
Insert into TALLER.ESTADO_ORDEN (ID_ESTADO_ORDEN,NOMBRE_ESTADO) values ('2','En Proceso');
Insert into TALLER.ESTADO_ORDEN (ID_ESTADO_ORDEN,NOMBRE_ESTADO) values ('3','Completada');
Insert into TALLER.ESTADO_ORDEN (ID_ESTADO_ORDEN,NOMBRE_ESTADO) values ('4','Cancelada');
REM INSERTING into TALLER.ESTADO_PAGO_FACTURA
SET DEFINE OFF;
Insert into TALLER.ESTADO_PAGO_FACTURA (ID_ESTADO_PAGO,NOMBRE_ESTADO) values ('1','Pendiente');
Insert into TALLER.ESTADO_PAGO_FACTURA (ID_ESTADO_PAGO,NOMBRE_ESTADO) values ('2','Pagado');
Insert into TALLER.ESTADO_PAGO_FACTURA (ID_ESTADO_PAGO,NOMBRE_ESTADO) values ('3','Cancelado');
REM INSERTING into TALLER.FACTURA
SET DEFINE OFF;
Insert into TALLER.FACTURA (ID_FACTURA,ID_ORDEN_TRABAJO,FECHA_EMISION,ID_ESTADO_PAGO,SUBTOTAL_SERVICIOS,SUBTOTAL_REPUESTOS,IMPUESTOS_TOTAL,DESCUENTO_TOTAL,TOTAL) values ('3','6',to_date('18/11/25','DD/MM/RR'),'1','50000','30000','5000','1000','84000');
Insert into TALLER.FACTURA (ID_FACTURA,ID_ORDEN_TRABAJO,FECHA_EMISION,ID_ESTADO_PAGO,SUBTOTAL_SERVICIOS,SUBTOTAL_REPUESTOS,IMPUESTOS_TOTAL,DESCUENTO_TOTAL,TOTAL) values ('21','21',to_date('18/11/25','DD/MM/RR'),'1','50000','20000','0','0','70000');
REM INSERTING into TALLER.IMPUESTO
SET DEFINE OFF;
Insert into TALLER.IMPUESTO (ID_IMPUESTO,NOMBRE,PORCENTAJE,ACTIVO) values ('1','IVA 9%','9','S');
REM INSERTING into TALLER.MECANICO
SET DEFINE OFF;
Insert into TALLER.MECANICO (ID_MECANICO,NOMBRE,APELLIDO,TELEFONO,EXPERIENCIA_ANIOS) values ('22','Saray','Montoya','3215815874','1');
Insert into TALLER.MECANICO (ID_MECANICO,NOMBRE,APELLIDO,TELEFONO,EXPERIENCIA_ANIOS) values ('2','Juan','Perez','3215815873','5');
Insert into TALLER.MECANICO (ID_MECANICO,NOMBRE,APELLIDO,TELEFONO,EXPERIENCIA_ANIOS) values ('21','Andres','Mocoa','3215815873','2');
REM INSERTING into TALLER.MECANICO_ESPECIALIDAD
SET DEFINE OFF;
REM INSERTING into TALLER.MOVIMIENTO_INVENTARIO
SET DEFINE OFF;
REM INSERTING into TALLER.ORDEN_REPUESTO
SET DEFINE OFF;
REM INSERTING into TALLER.ORDEN_SERVICIO
SET DEFINE OFF;
Insert into TALLER.ORDEN_SERVICIO (ID_ORDEN_SERVICIO,ID_ORDEN_TRABAJO,ID_SERVICIO,ESTADO,PRECIO_FINAL) values ('1','6','2','Pendiente','50000');
Insert into TALLER.ORDEN_SERVICIO (ID_ORDEN_SERVICIO,ID_ORDEN_TRABAJO,ID_SERVICIO,ESTADO,PRECIO_FINAL) values ('2','7','2','Pendiente','50000');
Insert into TALLER.ORDEN_SERVICIO (ID_ORDEN_SERVICIO,ID_ORDEN_TRABAJO,ID_SERVICIO,ESTADO,PRECIO_FINAL) values ('21','21','2','Pendiente','50000');
REM INSERTING into TALLER.ORDEN_SERVICIO_MECANICO
SET DEFINE OFF;
Insert into TALLER.ORDEN_SERVICIO_MECANICO (ID_ORDEN_SERVICIO,ID_MECANICO,ID_ESPECIALIDAD,ROL_EN_SERVICIO) values ('1','2','1','Asistente');
Insert into TALLER.ORDEN_SERVICIO_MECANICO (ID_ORDEN_SERVICIO,ID_MECANICO,ID_ESPECIALIDAD,ROL_EN_SERVICIO) values ('2','2','1','Técnico Principal');
Insert into TALLER.ORDEN_SERVICIO_MECANICO (ID_ORDEN_SERVICIO,ID_MECANICO,ID_ESPECIALIDAD,ROL_EN_SERVICIO) values ('21','22','1','Técnico Principal');
REM INSERTING into TALLER.ORDEN_TRABAJO
SET DEFINE OFF;
Insert into TALLER.ORDEN_TRABAJO (ID_ORDEN_TRABAJO,ID_VEHICULO,FECHA_INGRESO,FECHA_SALIDA,DIAGNOSTICO_INICIAL,ID_ESTADO_ORDEN) values ('6','1',to_date('17/11/25','DD/MM/RR'),to_date('17/11/25','DD/MM/RR'),'Filtro Aceite','3');
Insert into TALLER.ORDEN_TRABAJO (ID_ORDEN_TRABAJO,ID_VEHICULO,FECHA_INGRESO,FECHA_SALIDA,DIAGNOSTICO_INICIAL,ID_ESTADO_ORDEN) values ('7','3',to_date('18/11/25','DD/MM/RR'),to_date('17/11/25','DD/MM/RR'),'Cambio de Aceite','3');
Insert into TALLER.ORDEN_TRABAJO (ID_ORDEN_TRABAJO,ID_VEHICULO,FECHA_INGRESO,FECHA_SALIDA,DIAGNOSTICO_INICIAL,ID_ESTADO_ORDEN) values ('21','3',to_date('18/11/25','DD/MM/RR'),to_date('17/11/25','DD/MM/RR'),'Cambio de Aceite','3');
REM INSERTING into TALLER.PROVEEDOR
SET DEFINE OFF;
REM INSERTING into TALLER.REPUESTO
SET DEFINE OFF;
Insert into TALLER.REPUESTO (ID_REPUESTO,NOMBRE,DESCRIPCION,STOCK_ACTUAL,UNIDAD_MEDIDA) values ('2','Filtro de Aceite','Filtro de aceite Toyota Land Cruiser','100','Litro');
REM INSERTING into TALLER.REPUESTO_PROVEEDOR
SET DEFINE OFF;
REM INSERTING into TALLER.SERVICIO
SET DEFINE OFF;
Insert into TALLER.SERVICIO (ID_SERVICIO,NOMBRE,DESCRIPCION,PRECIO_BASE) values ('2','Cambio de Aceite','Cambiar aceite vehiculo','50000');
REM INSERTING into TALLER.SUPERVISION
SET DEFINE OFF;
REM INSERTING into TALLER.USUARIOS
SET DEFINE OFF;
Insert into TALLER.USUARIOS (ID_USUARIO,USERNAME,PASSWORD,CORREO,ROL) values ('1','admin','admin123','admin@motorplus.com','ADMIN');
REM INSERTING into TALLER.VEHICULO
SET DEFINE OFF;
Insert into TALLER.VEHICULO (ID_VEHICULO,ID_CLIENTE,PLACA,MARCA,MODELO,ANIO,COLOR) values ('1','5','BUW456','Toyota','Corolla','2024','Negro');
Insert into TALLER.VEHICULO (ID_VEHICULO,ID_CLIENTE,PLACA,MARCA,MODELO,ANIO,COLOR) values ('3','5','DKT457','Renault','Clio Rxt','2003','Gris');
--------------------------------------------------------
--  Constraints for Table ORDEN_TRABAJO
--------------------------------------------------------

  ALTER TABLE "TALLER"."ORDEN_TRABAJO" MODIFY ("ID_ORDEN_TRABAJO" NOT NULL ENABLE);
  ALTER TABLE "TALLER"."ORDEN_TRABAJO" MODIFY ("ID_VEHICULO" NOT NULL ENABLE);
  ALTER TABLE "TALLER"."ORDEN_TRABAJO" MODIFY ("FECHA_INGRESO" NOT NULL ENABLE);
  ALTER TABLE "TALLER"."ORDEN_TRABAJO" MODIFY ("ID_ESTADO_ORDEN" NOT NULL ENABLE);
  ALTER TABLE "TALLER"."ORDEN_TRABAJO" ADD PRIMARY KEY ("ID_ORDEN_TRABAJO")
  USING INDEX PCTFREE 10 INITRANS 2 MAXTRANS 255 
  STORAGE(INITIAL 65536 NEXT 1048576 MINEXTENTS 1 MAXEXTENTS 2147483645
  PCTINCREASE 0 FREELISTS 1 FREELIST GROUPS 1
  BUFFER_POOL DEFAULT FLASH_CACHE DEFAULT CELL_FLASH_CACHE DEFAULT)
  TABLESPACE "USERS"  ENABLE;
--------------------------------------------------------
--  Constraints for Table PROVEEDOR
--------------------------------------------------------

  ALTER TABLE "TALLER"."PROVEEDOR" MODIFY ("ID_PROVEEDOR" NOT NULL ENABLE);
  ALTER TABLE "TALLER"."PROVEEDOR" MODIFY ("NOMBRE" NOT NULL ENABLE);
  ALTER TABLE "TALLER"."PROVEEDOR" ADD PRIMARY KEY ("ID_PROVEEDOR")
  USING INDEX PCTFREE 10 INITRANS 2 MAXTRANS 255 
  TABLESPACE "USERS"  ENABLE;
--------------------------------------------------------
--  Constraints for Table USUARIOS
--------------------------------------------------------

  ALTER TABLE "TALLER"."USUARIOS" MODIFY ("ID_USUARIO" NOT NULL ENABLE);
  ALTER TABLE "TALLER"."USUARIOS" MODIFY ("USERNAME" NOT NULL ENABLE);
  ALTER TABLE "TALLER"."USUARIOS" MODIFY ("PASSWORD" NOT NULL ENABLE);
  ALTER TABLE "TALLER"."USUARIOS" MODIFY ("CORREO" NOT NULL ENABLE);
  ALTER TABLE "TALLER"."USUARIOS" ADD PRIMARY KEY ("ID_USUARIO")
  USING INDEX PCTFREE 10 INITRANS 2 MAXTRANS 255 
  STORAGE(INITIAL 65536 NEXT 1048576 MINEXTENTS 1 MAXEXTENTS 2147483645
  PCTINCREASE 0 FREELISTS 1 FREELIST GROUPS 1
  BUFFER_POOL DEFAULT FLASH_CACHE DEFAULT CELL_FLASH_CACHE DEFAULT)
  TABLESPACE "USERS"  ENABLE;
  ALTER TABLE "TALLER"."USUARIOS" ADD UNIQUE ("USERNAME")
  USING INDEX PCTFREE 10 INITRANS 2 MAXTRANS 255 
  STORAGE(INITIAL 65536 NEXT 1048576 MINEXTENTS 1 MAXEXTENTS 2147483645
  PCTINCREASE 0 FREELISTS 1 FREELIST GROUPS 1
  BUFFER_POOL DEFAULT FLASH_CACHE DEFAULT CELL_FLASH_CACHE DEFAULT)
  TABLESPACE "USERS"  ENABLE;
--------------------------------------------------------
--  Constraints for Table FACTURA
--------------------------------------------------------

  ALTER TABLE "TALLER"."FACTURA" MODIFY ("ID_FACTURA" NOT NULL ENABLE);
  ALTER TABLE "TALLER"."FACTURA" MODIFY ("ID_ORDEN_TRABAJO" NOT NULL ENABLE);
  ALTER TABLE "TALLER"."FACTURA" MODIFY ("ID_ESTADO_PAGO" NOT NULL ENABLE);
  ALTER TABLE "TALLER"."FACTURA" ADD PRIMARY KEY ("ID_FACTURA")
  USING INDEX PCTFREE 10 INITRANS 2 MAXTRANS 255 
  STORAGE(INITIAL 65536 NEXT 1048576 MINEXTENTS 1 MAXEXTENTS 2147483645
  PCTINCREASE 0 FREELISTS 1 FREELIST GROUPS 1
  BUFFER_POOL DEFAULT FLASH_CACHE DEFAULT CELL_FLASH_CACHE DEFAULT)
  TABLESPACE "USERS"  ENABLE;
  ALTER TABLE "TALLER"."FACTURA" ADD UNIQUE ("ID_ORDEN_TRABAJO")
  USING INDEX PCTFREE 10 INITRANS 2 MAXTRANS 255 
  STORAGE(INITIAL 65536 NEXT 1048576 MINEXTENTS 1 MAXEXTENTS 2147483645
  PCTINCREASE 0 FREELISTS 1 FREELIST GROUPS 1
  BUFFER_POOL DEFAULT FLASH_CACHE DEFAULT CELL_FLASH_CACHE DEFAULT)
  TABLESPACE "USERS"  ENABLE;
--------------------------------------------------------
--  Constraints for Table MECANICO_ESPECIALIDAD
--------------------------------------------------------

  ALTER TABLE "TALLER"."MECANICO_ESPECIALIDAD" ADD PRIMARY KEY ("ID_MECANICO", "ID_ESPECIALIDAD")
  USING INDEX PCTFREE 10 INITRANS 2 MAXTRANS 255 
  TABLESPACE "USERS"  ENABLE;
--------------------------------------------------------
--  Constraints for Table ORDEN_SERVICIO
--------------------------------------------------------

  ALTER TABLE "TALLER"."ORDEN_SERVICIO" MODIFY ("ID_ORDEN_SERVICIO" NOT NULL ENABLE);
  ALTER TABLE "TALLER"."ORDEN_SERVICIO" MODIFY ("ID_ORDEN_TRABAJO" NOT NULL ENABLE);
  ALTER TABLE "TALLER"."ORDEN_SERVICIO" MODIFY ("ID_SERVICIO" NOT NULL ENABLE);
  ALTER TABLE "TALLER"."ORDEN_SERVICIO" ADD PRIMARY KEY ("ID_ORDEN_SERVICIO")
  USING INDEX PCTFREE 10 INITRANS 2 MAXTRANS 255 
  STORAGE(INITIAL 65536 NEXT 1048576 MINEXTENTS 1 MAXEXTENTS 2147483645
  PCTINCREASE 0 FREELISTS 1 FREELIST GROUPS 1
  BUFFER_POOL DEFAULT FLASH_CACHE DEFAULT CELL_FLASH_CACHE DEFAULT)
  TABLESPACE "USERS"  ENABLE;
--------------------------------------------------------
--  Constraints for Table REPUESTO_PROVEEDOR
--------------------------------------------------------

  ALTER TABLE "TALLER"."REPUESTO_PROVEEDOR" MODIFY ("PRECIO_UNITARIO" NOT NULL ENABLE);
  ALTER TABLE "TALLER"."REPUESTO_PROVEEDOR" ADD PRIMARY KEY ("ID_REPUESTO", "ID_PROVEEDOR")
  USING INDEX PCTFREE 10 INITRANS 2 MAXTRANS 255 
  TABLESPACE "USERS"  ENABLE;
--------------------------------------------------------
--  Constraints for Table MECANICO
--------------------------------------------------------

  ALTER TABLE "TALLER"."MECANICO" MODIFY ("ID_MECANICO" NOT NULL ENABLE);
  ALTER TABLE "TALLER"."MECANICO" MODIFY ("NOMBRE" NOT NULL ENABLE);
  ALTER TABLE "TALLER"."MECANICO" MODIFY ("APELLIDO" NOT NULL ENABLE);
  ALTER TABLE "TALLER"."MECANICO" MODIFY ("EXPERIENCIA_ANIOS" NOT NULL ENABLE);
  ALTER TABLE "TALLER"."MECANICO" ADD PRIMARY KEY ("ID_MECANICO")
  USING INDEX PCTFREE 10 INITRANS 2 MAXTRANS 255 
  STORAGE(INITIAL 65536 NEXT 1048576 MINEXTENTS 1 MAXEXTENTS 2147483645
  PCTINCREASE 0 FREELISTS 1 FREELIST GROUPS 1
  BUFFER_POOL DEFAULT FLASH_CACHE DEFAULT CELL_FLASH_CACHE DEFAULT)
  TABLESPACE "USERS"  ENABLE;
--------------------------------------------------------
--  Constraints for Table DETALLE_FACTURA_SERVICIO
--------------------------------------------------------

  ALTER TABLE "TALLER"."DETALLE_FACTURA_SERVICIO" ADD PRIMARY KEY ("ID_FACTURA", "ID_ORDEN_SERVICIO")
  USING INDEX PCTFREE 10 INITRANS 2 MAXTRANS 255 
  TABLESPACE "USERS"  ENABLE;
--------------------------------------------------------
--  Constraints for Table REPUESTO
--------------------------------------------------------

  ALTER TABLE "TALLER"."REPUESTO" MODIFY ("ID_REPUESTO" NOT NULL ENABLE);
  ALTER TABLE "TALLER"."REPUESTO" MODIFY ("NOMBRE" NOT NULL ENABLE);
  ALTER TABLE "TALLER"."REPUESTO" ADD PRIMARY KEY ("ID_REPUESTO")
  USING INDEX PCTFREE 10 INITRANS 2 MAXTRANS 255 
  STORAGE(INITIAL 65536 NEXT 1048576 MINEXTENTS 1 MAXEXTENTS 2147483645
  PCTINCREASE 0 FREELISTS 1 FREELIST GROUPS 1
  BUFFER_POOL DEFAULT FLASH_CACHE DEFAULT CELL_FLASH_CACHE DEFAULT)
  TABLESPACE "USERS"  ENABLE;
--------------------------------------------------------
--  Constraints for Table SUPERVISION
--------------------------------------------------------

  ALTER TABLE "TALLER"."SUPERVISION" MODIFY ("ID_ESPECIALIDAD" NOT NULL ENABLE);
  ALTER TABLE "TALLER"."SUPERVISION" ADD PRIMARY KEY ("ID_ORDEN_SERVICIO", "ID_MECANICO_SUPERVISOR", "ID_MECANICO_SUPERVISADO")
  USING INDEX PCTFREE 10 INITRANS 2 MAXTRANS 255 
  TABLESPACE "USERS"  ENABLE;
--------------------------------------------------------
--  Constraints for Table ORDEN_REPUESTO
--------------------------------------------------------

  ALTER TABLE "TALLER"."ORDEN_REPUESTO" MODIFY ("CANTIDAD_USADA" NOT NULL ENABLE);
  ALTER TABLE "TALLER"."ORDEN_REPUESTO" ADD PRIMARY KEY ("ID_ORDEN_TRABAJO", "ID_REPUESTO")
  USING INDEX PCTFREE 10 INITRANS 2 MAXTRANS 255 
  TABLESPACE "USERS"  ENABLE;
--------------------------------------------------------
--  Constraints for Table MOVIMIENTO_INVENTARIO
--------------------------------------------------------

  ALTER TABLE "TALLER"."MOVIMIENTO_INVENTARIO" MODIFY ("ID_MOVIMIENTO" NOT NULL ENABLE);
  ALTER TABLE "TALLER"."MOVIMIENTO_INVENTARIO" MODIFY ("ID_REPUESTO" NOT NULL ENABLE);
  ALTER TABLE "TALLER"."MOVIMIENTO_INVENTARIO" MODIFY ("TIPO_MOVIMIENTO" NOT NULL ENABLE);
  ALTER TABLE "TALLER"."MOVIMIENTO_INVENTARIO" MODIFY ("CANTIDAD" NOT NULL ENABLE);
  ALTER TABLE "TALLER"."MOVIMIENTO_INVENTARIO" ADD CHECK (tipo_movimiento IN ('entrada', 'salida', 'ajuste')) ENABLE;
  ALTER TABLE "TALLER"."MOVIMIENTO_INVENTARIO" ADD CHECK (cantidad > 0) ENABLE;
  ALTER TABLE "TALLER"."MOVIMIENTO_INVENTARIO" ADD PRIMARY KEY ("ID_MOVIMIENTO")
  USING INDEX PCTFREE 10 INITRANS 2 MAXTRANS 255 
  TABLESPACE "USERS"  ENABLE;
--------------------------------------------------------
--  Constraints for Table SERVICIO
--------------------------------------------------------

  ALTER TABLE "TALLER"."SERVICIO" MODIFY ("ID_SERVICIO" NOT NULL ENABLE);
  ALTER TABLE "TALLER"."SERVICIO" MODIFY ("NOMBRE" NOT NULL ENABLE);
  ALTER TABLE "TALLER"."SERVICIO" MODIFY ("PRECIO_BASE" NOT NULL ENABLE);
  ALTER TABLE "TALLER"."SERVICIO" ADD PRIMARY KEY ("ID_SERVICIO")
  USING INDEX PCTFREE 10 INITRANS 2 MAXTRANS 255 
  STORAGE(INITIAL 65536 NEXT 1048576 MINEXTENTS 1 MAXEXTENTS 2147483645
  PCTINCREASE 0 FREELISTS 1 FREELIST GROUPS 1
  BUFFER_POOL DEFAULT FLASH_CACHE DEFAULT CELL_FLASH_CACHE DEFAULT)
  TABLESPACE "USERS"  ENABLE;
  ALTER TABLE "TALLER"."SERVICIO" ADD UNIQUE ("NOMBRE")
  USING INDEX PCTFREE 10 INITRANS 2 MAXTRANS 255 
  STORAGE(INITIAL 65536 NEXT 1048576 MINEXTENTS 1 MAXEXTENTS 2147483645
  PCTINCREASE 0 FREELISTS 1 FREELIST GROUPS 1
  BUFFER_POOL DEFAULT FLASH_CACHE DEFAULT CELL_FLASH_CACHE DEFAULT)
  TABLESPACE "USERS"  ENABLE;
--------------------------------------------------------
--  Constraints for Table DETALLE_FACTURA_REPUESTO
--------------------------------------------------------

  ALTER TABLE "TALLER"."DETALLE_FACTURA_REPUESTO" ADD PRIMARY KEY ("ID_FACTURA", "ID_REPUESTO")
  USING INDEX PCTFREE 10 INITRANS 2 MAXTRANS 255 
  TABLESPACE "USERS"  ENABLE;
--------------------------------------------------------
--  Constraints for Table ESPECIALIDAD
--------------------------------------------------------

  ALTER TABLE "TALLER"."ESPECIALIDAD" MODIFY ("ID_ESPECIALIDAD" NOT NULL ENABLE);
  ALTER TABLE "TALLER"."ESPECIALIDAD" MODIFY ("NOMBRE" NOT NULL ENABLE);
  ALTER TABLE "TALLER"."ESPECIALIDAD" ADD PRIMARY KEY ("ID_ESPECIALIDAD")
  USING INDEX PCTFREE 10 INITRANS 2 MAXTRANS 255 
  STORAGE(INITIAL 65536 NEXT 1048576 MINEXTENTS 1 MAXEXTENTS 2147483645
  PCTINCREASE 0 FREELISTS 1 FREELIST GROUPS 1
  BUFFER_POOL DEFAULT FLASH_CACHE DEFAULT CELL_FLASH_CACHE DEFAULT)
  TABLESPACE "USERS"  ENABLE;
  ALTER TABLE "TALLER"."ESPECIALIDAD" ADD UNIQUE ("NOMBRE")
  USING INDEX PCTFREE 10 INITRANS 2 MAXTRANS 255 
  STORAGE(INITIAL 65536 NEXT 1048576 MINEXTENTS 1 MAXEXTENTS 2147483645
  PCTINCREASE 0 FREELISTS 1 FREELIST GROUPS 1
  BUFFER_POOL DEFAULT FLASH_CACHE DEFAULT CELL_FLASH_CACHE DEFAULT)
  TABLESPACE "USERS"  ENABLE;
--------------------------------------------------------
--  Constraints for Table CLIENTE
--------------------------------------------------------

  ALTER TABLE "TALLER"."CLIENTE" MODIFY ("ID_CLIENTE" NOT NULL ENABLE);
  ALTER TABLE "TALLER"."CLIENTE" MODIFY ("NOMBRE" NOT NULL ENABLE);
  ALTER TABLE "TALLER"."CLIENTE" MODIFY ("APELLIDO" NOT NULL ENABLE);
  ALTER TABLE "TALLER"."CLIENTE" ADD PRIMARY KEY ("ID_CLIENTE")
  USING INDEX PCTFREE 10 INITRANS 2 MAXTRANS 255 
  STORAGE(INITIAL 65536 NEXT 1048576 MINEXTENTS 1 MAXEXTENTS 2147483645
  PCTINCREASE 0 FREELISTS 1 FREELIST GROUPS 1
  BUFFER_POOL DEFAULT FLASH_CACHE DEFAULT CELL_FLASH_CACHE DEFAULT)
  TABLESPACE "USERS"  ENABLE;
--------------------------------------------------------
--  Constraints for Table IMPUESTO
--------------------------------------------------------

  ALTER TABLE "TALLER"."IMPUESTO" MODIFY ("ID_IMPUESTO" NOT NULL ENABLE);
  ALTER TABLE "TALLER"."IMPUESTO" MODIFY ("NOMBRE" NOT NULL ENABLE);
  ALTER TABLE "TALLER"."IMPUESTO" MODIFY ("PORCENTAJE" NOT NULL ENABLE);
  ALTER TABLE "TALLER"."IMPUESTO" ADD CHECK (porcentaje >= 0) ENABLE;
  ALTER TABLE "TALLER"."IMPUESTO" ADD CHECK (activo IN ('S','N')) ENABLE;
  ALTER TABLE "TALLER"."IMPUESTO" ADD PRIMARY KEY ("ID_IMPUESTO")
  USING INDEX PCTFREE 10 INITRANS 2 MAXTRANS 255 
  STORAGE(INITIAL 65536 NEXT 1048576 MINEXTENTS 1 MAXEXTENTS 2147483645
  PCTINCREASE 0 FREELISTS 1 FREELIST GROUPS 1
  BUFFER_POOL DEFAULT FLASH_CACHE DEFAULT CELL_FLASH_CACHE DEFAULT)
  TABLESPACE "USERS"  ENABLE;
--------------------------------------------------------
--  Constraints for Table ORDEN_SERVICIO_MECANICO
--------------------------------------------------------

  ALTER TABLE "TALLER"."ORDEN_SERVICIO_MECANICO" MODIFY ("ID_ESPECIALIDAD" NOT NULL ENABLE);
  ALTER TABLE "TALLER"."ORDEN_SERVICIO_MECANICO" ADD PRIMARY KEY ("ID_ORDEN_SERVICIO", "ID_MECANICO")
  USING INDEX PCTFREE 10 INITRANS 2 MAXTRANS 255 
  STORAGE(INITIAL 65536 NEXT 1048576 MINEXTENTS 1 MAXEXTENTS 2147483645
  PCTINCREASE 0 FREELISTS 1 FREELIST GROUPS 1
  BUFFER_POOL DEFAULT FLASH_CACHE DEFAULT CELL_FLASH_CACHE DEFAULT)
  TABLESPACE "USERS"  ENABLE;
--------------------------------------------------------
--  Constraints for Table VEHICULO
--------------------------------------------------------

  ALTER TABLE "TALLER"."VEHICULO" MODIFY ("ID_VEHICULO" NOT NULL ENABLE);
  ALTER TABLE "TALLER"."VEHICULO" MODIFY ("ID_CLIENTE" NOT NULL ENABLE);
  ALTER TABLE "TALLER"."VEHICULO" MODIFY ("PLACA" NOT NULL ENABLE);
  ALTER TABLE "TALLER"."VEHICULO" ADD PRIMARY KEY ("ID_VEHICULO")
  USING INDEX PCTFREE 10 INITRANS 2 MAXTRANS 255 
  STORAGE(INITIAL 65536 NEXT 1048576 MINEXTENTS 1 MAXEXTENTS 2147483645
  PCTINCREASE 0 FREELISTS 1 FREELIST GROUPS 1
  BUFFER_POOL DEFAULT FLASH_CACHE DEFAULT CELL_FLASH_CACHE DEFAULT)
  TABLESPACE "USERS"  ENABLE;
  ALTER TABLE "TALLER"."VEHICULO" ADD UNIQUE ("PLACA")
  USING INDEX PCTFREE 10 INITRANS 2 MAXTRANS 255 
  STORAGE(INITIAL 65536 NEXT 1048576 MINEXTENTS 1 MAXEXTENTS 2147483645
  PCTINCREASE 0 FREELISTS 1 FREELIST GROUPS 1
  BUFFER_POOL DEFAULT FLASH_CACHE DEFAULT CELL_FLASH_CACHE DEFAULT)
  TABLESPACE "USERS"  ENABLE;
--------------------------------------------------------
--  Constraints for Table ESTADO_ORDEN
--------------------------------------------------------

  ALTER TABLE "TALLER"."ESTADO_ORDEN" MODIFY ("ID_ESTADO_ORDEN" NOT NULL ENABLE);
  ALTER TABLE "TALLER"."ESTADO_ORDEN" MODIFY ("NOMBRE_ESTADO" NOT NULL ENABLE);
  ALTER TABLE "TALLER"."ESTADO_ORDEN" ADD PRIMARY KEY ("ID_ESTADO_ORDEN")
  USING INDEX PCTFREE 10 INITRANS 2 MAXTRANS 255 
  STORAGE(INITIAL 65536 NEXT 1048576 MINEXTENTS 1 MAXEXTENTS 2147483645
  PCTINCREASE 0 FREELISTS 1 FREELIST GROUPS 1
  BUFFER_POOL DEFAULT FLASH_CACHE DEFAULT CELL_FLASH_CACHE DEFAULT)
  TABLESPACE "USERS"  ENABLE;
  ALTER TABLE "TALLER"."ESTADO_ORDEN" ADD UNIQUE ("NOMBRE_ESTADO")
  USING INDEX PCTFREE 10 INITRANS 2 MAXTRANS 255 
  STORAGE(INITIAL 65536 NEXT 1048576 MINEXTENTS 1 MAXEXTENTS 2147483645
  PCTINCREASE 0 FREELISTS 1 FREELIST GROUPS 1
  BUFFER_POOL DEFAULT FLASH_CACHE DEFAULT CELL_FLASH_CACHE DEFAULT)
  TABLESPACE "USERS"  ENABLE;
--------------------------------------------------------
--  Constraints for Table ESTADO_PAGO_FACTURA
--------------------------------------------------------

  ALTER TABLE "TALLER"."ESTADO_PAGO_FACTURA" MODIFY ("ID_ESTADO_PAGO" NOT NULL ENABLE);
  ALTER TABLE "TALLER"."ESTADO_PAGO_FACTURA" MODIFY ("NOMBRE_ESTADO" NOT NULL ENABLE);
  ALTER TABLE "TALLER"."ESTADO_PAGO_FACTURA" ADD PRIMARY KEY ("ID_ESTADO_PAGO")
  USING INDEX PCTFREE 10 INITRANS 2 MAXTRANS 255 
  STORAGE(INITIAL 65536 NEXT 1048576 MINEXTENTS 1 MAXEXTENTS 2147483645
  PCTINCREASE 0 FREELISTS 1 FREELIST GROUPS 1
  BUFFER_POOL DEFAULT FLASH_CACHE DEFAULT CELL_FLASH_CACHE DEFAULT)
  TABLESPACE "USERS"  ENABLE;
  ALTER TABLE "TALLER"."ESTADO_PAGO_FACTURA" ADD UNIQUE ("NOMBRE_ESTADO")
  USING INDEX PCTFREE 10 INITRANS 2 MAXTRANS 255 
  STORAGE(INITIAL 65536 NEXT 1048576 MINEXTENTS 1 MAXEXTENTS 2147483645
  PCTINCREASE 0 FREELISTS 1 FREELIST GROUPS 1
  BUFFER_POOL DEFAULT FLASH_CACHE DEFAULT CELL_FLASH_CACHE DEFAULT)
  TABLESPACE "USERS"  ENABLE;
--------------------------------------------------------
--  Ref Constraints for Table DETALLE_FACTURA_REPUESTO
--------------------------------------------------------

  ALTER TABLE "TALLER"."DETALLE_FACTURA_REPUESTO" ADD CONSTRAINT "FK_DFR_FACTURA" FOREIGN KEY ("ID_FACTURA")
	  REFERENCES "TALLER"."FACTURA" ("ID_FACTURA") ENABLE;
  ALTER TABLE "TALLER"."DETALLE_FACTURA_REPUESTO" ADD CONSTRAINT "FK_DFR_REPUESTO" FOREIGN KEY ("ID_REPUESTO")
	  REFERENCES "TALLER"."REPUESTO" ("ID_REPUESTO") ENABLE;
--------------------------------------------------------
--  Ref Constraints for Table DETALLE_FACTURA_SERVICIO
--------------------------------------------------------

  ALTER TABLE "TALLER"."DETALLE_FACTURA_SERVICIO" ADD CONSTRAINT "FK_DFS_FACTURA" FOREIGN KEY ("ID_FACTURA")
	  REFERENCES "TALLER"."FACTURA" ("ID_FACTURA") ENABLE;
  ALTER TABLE "TALLER"."DETALLE_FACTURA_SERVICIO" ADD CONSTRAINT "FK_DFS_ORDEN_SERVICIO" FOREIGN KEY ("ID_ORDEN_SERVICIO")
	  REFERENCES "TALLER"."ORDEN_SERVICIO" ("ID_ORDEN_SERVICIO") ENABLE;
--------------------------------------------------------
--  Ref Constraints for Table FACTURA
--------------------------------------------------------

  ALTER TABLE "TALLER"."FACTURA" ADD CONSTRAINT "FK_FACTURA_ORDEN" FOREIGN KEY ("ID_ORDEN_TRABAJO")
	  REFERENCES "TALLER"."ORDEN_TRABAJO" ("ID_ORDEN_TRABAJO") ENABLE;
  ALTER TABLE "TALLER"."FACTURA" ADD CONSTRAINT "FK_FACTURA_ESTADO" FOREIGN KEY ("ID_ESTADO_PAGO")
	  REFERENCES "TALLER"."ESTADO_PAGO_FACTURA" ("ID_ESTADO_PAGO") ENABLE;
--------------------------------------------------------
--  Ref Constraints for Table MECANICO_ESPECIALIDAD
--------------------------------------------------------

  ALTER TABLE "TALLER"."MECANICO_ESPECIALIDAD" ADD CONSTRAINT "FK_ME_MECANICO" FOREIGN KEY ("ID_MECANICO")
	  REFERENCES "TALLER"."MECANICO" ("ID_MECANICO") ENABLE;
  ALTER TABLE "TALLER"."MECANICO_ESPECIALIDAD" ADD CONSTRAINT "FK_ME_ESPECIALIDAD" FOREIGN KEY ("ID_ESPECIALIDAD")
	  REFERENCES "TALLER"."ESPECIALIDAD" ("ID_ESPECIALIDAD") ENABLE;
--------------------------------------------------------
--  Ref Constraints for Table MOVIMIENTO_INVENTARIO
--------------------------------------------------------

  ALTER TABLE "TALLER"."MOVIMIENTO_INVENTARIO" ADD CONSTRAINT "FK_MOVINV_REPUESTO" FOREIGN KEY ("ID_REPUESTO")
	  REFERENCES "TALLER"."REPUESTO" ("ID_REPUESTO") ENABLE;
--------------------------------------------------------
--  Ref Constraints for Table ORDEN_REPUESTO
--------------------------------------------------------

  ALTER TABLE "TALLER"."ORDEN_REPUESTO" ADD CONSTRAINT "FK_OR_ORDEN" FOREIGN KEY ("ID_ORDEN_TRABAJO")
	  REFERENCES "TALLER"."ORDEN_TRABAJO" ("ID_ORDEN_TRABAJO") ENABLE;
  ALTER TABLE "TALLER"."ORDEN_REPUESTO" ADD CONSTRAINT "FK_OR_REPUESTO" FOREIGN KEY ("ID_REPUESTO")
	  REFERENCES "TALLER"."REPUESTO" ("ID_REPUESTO") ENABLE;
--------------------------------------------------------
--  Ref Constraints for Table ORDEN_SERVICIO
--------------------------------------------------------

  ALTER TABLE "TALLER"."ORDEN_SERVICIO" ADD CONSTRAINT "FK_OS_ORDEN" FOREIGN KEY ("ID_ORDEN_TRABAJO")
	  REFERENCES "TALLER"."ORDEN_TRABAJO" ("ID_ORDEN_TRABAJO") ENABLE;
  ALTER TABLE "TALLER"."ORDEN_SERVICIO" ADD CONSTRAINT "FK_OS_SERVICIO" FOREIGN KEY ("ID_SERVICIO")
	  REFERENCES "TALLER"."SERVICIO" ("ID_SERVICIO") ENABLE;
--------------------------------------------------------
--  Ref Constraints for Table ORDEN_SERVICIO_MECANICO
--------------------------------------------------------

  ALTER TABLE "TALLER"."ORDEN_SERVICIO_MECANICO" ADD CONSTRAINT "FK_OSM_ORDEN_SERVICIO" FOREIGN KEY ("ID_ORDEN_SERVICIO")
	  REFERENCES "TALLER"."ORDEN_SERVICIO" ("ID_ORDEN_SERVICIO") ENABLE;
  ALTER TABLE "TALLER"."ORDEN_SERVICIO_MECANICO" ADD CONSTRAINT "FK_OSM_MECANICO" FOREIGN KEY ("ID_MECANICO")
	  REFERENCES "TALLER"."MECANICO" ("ID_MECANICO") ENABLE;
  ALTER TABLE "TALLER"."ORDEN_SERVICIO_MECANICO" ADD CONSTRAINT "FK_OSM_ESPECIALIDAD" FOREIGN KEY ("ID_ESPECIALIDAD")
	  REFERENCES "TALLER"."ESPECIALIDAD" ("ID_ESPECIALIDAD") ENABLE;
--------------------------------------------------------
--  Ref Constraints for Table ORDEN_TRABAJO
--------------------------------------------------------

  ALTER TABLE "TALLER"."ORDEN_TRABAJO" ADD CONSTRAINT "FK_OT_VEHICULO" FOREIGN KEY ("ID_VEHICULO")
	  REFERENCES "TALLER"."VEHICULO" ("ID_VEHICULO") ENABLE;
  ALTER TABLE "TALLER"."ORDEN_TRABAJO" ADD CONSTRAINT "FK_OT_ESTADO" FOREIGN KEY ("ID_ESTADO_ORDEN")
	  REFERENCES "TALLER"."ESTADO_ORDEN" ("ID_ESTADO_ORDEN") ENABLE;
--------------------------------------------------------
--  Ref Constraints for Table REPUESTO_PROVEEDOR
--------------------------------------------------------

  ALTER TABLE "TALLER"."REPUESTO_PROVEEDOR" ADD CONSTRAINT "FK_RP_REPUESTO" FOREIGN KEY ("ID_REPUESTO")
	  REFERENCES "TALLER"."REPUESTO" ("ID_REPUESTO") ENABLE;
  ALTER TABLE "TALLER"."REPUESTO_PROVEEDOR" ADD CONSTRAINT "FK_RP_PROVEEDOR" FOREIGN KEY ("ID_PROVEEDOR")
	  REFERENCES "TALLER"."PROVEEDOR" ("ID_PROVEEDOR") ENABLE;
--------------------------------------------------------
--  Ref Constraints for Table SUPERVISION
--------------------------------------------------------

  ALTER TABLE "TALLER"."SUPERVISION" ADD CONSTRAINT "FK_SUP_ORDEN" FOREIGN KEY ("ID_ORDEN_SERVICIO")
	  REFERENCES "TALLER"."ORDEN_SERVICIO" ("ID_ORDEN_SERVICIO") ENABLE;
  ALTER TABLE "TALLER"."SUPERVISION" ADD CONSTRAINT "FK_SUP_SUPERVISOR" FOREIGN KEY ("ID_MECANICO_SUPERVISOR")
	  REFERENCES "TALLER"."MECANICO" ("ID_MECANICO") ENABLE;
  ALTER TABLE "TALLER"."SUPERVISION" ADD CONSTRAINT "FK_SUP_SUPERVISADO" FOREIGN KEY ("ID_MECANICO_SUPERVISADO")
	  REFERENCES "TALLER"."MECANICO" ("ID_MECANICO") ENABLE;
  ALTER TABLE "TALLER"."SUPERVISION" ADD CONSTRAINT "FK_SUP_ESPECIALIDAD" FOREIGN KEY ("ID_ESPECIALIDAD")
	  REFERENCES "TALLER"."ESPECIALIDAD" ("ID_ESPECIALIDAD") ENABLE;
--------------------------------------------------------
--  Ref Constraints for Table VEHICULO
--------------------------------------------------------

  ALTER TABLE "TALLER"."VEHICULO" ADD CONSTRAINT "FK_VEHICULO_CLIENTE" FOREIGN KEY ("ID_CLIENTE")
	  REFERENCES "TALLER"."CLIENTE" ("ID_CLIENTE") ENABLE;
